model,accuracy,f1_score,roc_auc,time
Decision Tree,0.9991786929484923,0.9983112183353438,0.9983140655105973,0.011158491611480713
Random Forest,0.9991786929484923,0.9983112183353438,0.9983140655105973,0.04810790705680847
Ensmb Decision Tree,0.9989440337909187,0.9978287092882993,0.9979956622742486,0.030899637460708618
Ensmb Random Forest,0.9991786929484923,0.9983112183353438,0.9983140655105973,0.13818274784088136
Naive Bayes,0.9601079432124838,0.9110413396127682,0.9189282150321294,0.0018306548595428468
Neural Net,0.996832101372756,0.9934545454545454,0.9934971098265897,1.0087137749195099
Ensmb Naive Bayes,0.9603426023700575,0.9116108786610878,0.9194099106005303,0.004273419380187988
